Time,RSS_KB,VSZ_KB
1748514748,6784,26512
1748514749,983684,1593656
1748514750,1072588,1593652
1748514752,1123276,1593652
1748514753,1203660,1593652
1748514754,1219660,1593652
1748514755,1219660,1593652
1748514756,1219660,1593652
1748514757,1219660,1593652
1748514758,1219660,1593652
1748514759,1219660,1593652
1748514760,1219660,1593652
1748514761,1219660,1593652
1748514762,1219660,1593652
1748514763,1219660,1593652
1748514764,1219660,1593652
1748514765,1219660,1593652
1748514766,1219660,1593652
1748514767,1219660,1593652
1748514769,1219660,1593652
1748514770,1219660,1593652
1748514771,1219660,1593652
1748514772,1219660,1593652
1748514773,1219660,1593652
1748514774,1219660,1593652
1748514775,1219660,1593652
1748514776,1219660,1593652
1748514777,1219660,1593652
1748514778,1219660,1593652
1748514779,1219660,1593652
1748514780,1219660,1593652
1748514781,1219660,1593652
1748514782,1219660,1593652
1748514783,1219660,1593652
1748514785,1219660,1593652
1748514786,1219660,1593652
1748514787,1219660,1593652
1748514788,1219660,1593652
1748514789,1219660,1593652
1748514790,1219660,1593652
1748514791,1219660,1593652
1748514792,1219660,1593652
1748514793,1219660,1593652
1748514794,1219660,1593652
1748514795,1219660,1593652
1748514796,1219660,1593652
1748514797,1219660,1593652
1748514798,1219660,1593652
1748514799,1219660,1593652
1748514801,1219660,1593652
1748514802,1219660,1593652
1748514803,1219660,1593652
1748514804,1219660,1593652
1748514805,1219660,1593652
1748514806,1219660,1593652
1748514807,1219660,1593652
1748514808,1219660,1593652
1748514809,1219660,1593652
1748514810,1219660,1593652
1748514811,1219660,1593652
1748514812,1219660,1593652
1748514813,1219660,1593652
1748514814,1219660,1593652
1748514815,1219660,1593652
1748514816,1219660,1593652
1748514818,1219660,1593652
1748514819,1082696,1594216
1748514820,1175368,1594216
1748514821,1175752,1594216
1748514822,1176264,1594216
1748514823,1176648,1594216
1748514824,1177672,1594216
1748514825,1178056,1594216
1748514826,1178184,1594216
1748514827,1178568,1594216
1748514828,1178952,1594216
1748514829,1179336,1594216
1748514830,1179720,1594216
1748514831,1180232,1594216
1748514832,1180360,1594216
1748514834,1180872,1594216
1748514835,1181384,1594216
1748514836,1181896,1594216
1748514837,1182280,1594216
1748514838,1182792,1594216
1748514839,1182920,1594216
1748514840,1183176,1594216
1748514841,1183560,1594216
1748514842,1183816,1594216
1748514843,1184200,1594216
1748514844,1184456,1594216
1748514845,1184968,1594216
1748514846,1185352,1594216
1748514847,1185864,1594216
1748514848,1186376,1594216
1748514849,1186888,1594216
1748514851,1187272,1594216
1748514852,1187656,1594216
1748514853,1188040,1594216
1748514854,1188424,1594216
1748514855,1188680,1594216
1748514856,1189192,1594216
1748514857,1189704,1594216
1748514858,1190088,1594216
1748514859,1190472,1594216
1748514860,1190728,1594216
1748514861,1191240,1594216
1748514862,1191496,1594216
1748514863,1191752,1594216
1748514864,1192648,1594216
1748514865,1193032,1594216
1748514866,1193416,1594216
1748514868,1194056,1594216
1748514869,1194696,1594216
1748514870,1195208,1594216
1748514871,1195592,1594216
1748514872,1195976,1594216
1748514873,1196232,1594216
1748514874,1196744,1594216
1748514875,1197128,1594216
1748514876,1198152,1594216
1748514877,1199688,1594216
1748514878,1200328,1594216
1748514879,1201096,1594216
1748514880,1201992,1594216
1748514881,1203016,1594216
1748514882,1203528,1594216
1748514884,1204168,1594216
1748514885,1205320,1594216
1748514886,1205832,1594216
1748514887,1206600,1594216
1748514888,1206984,1594216
1748514889,1207752,1594216
1748514890,1208520,1594216
1748514891,1209160,1594216
1748514892,1209544,1594216
1748514893,1220040,1594216
1748514894,632508,1595240
1748514895,1191868,1595240
1748514896,1210812,1595240
1748514897,1220284,1595240
1748514898,1206876,1595240
1748514899,1212636,1595240
1748514901,1218524,1595240
1748514902,1220316,1595240
1748514903,1213828,1595240
1748514904,1216900,1595240
1748514905,1219972,1595240
1748514906,1220356,1595240
1748514907,1220356,1595240
1748514908,1220356,1595240
1748514909,1220356,1595240
1748514910,1220356,1595240
1748514911,1220356,1595240
1748514912,1220356,1595240
1748514913,1220356,1595240
1748514915,1219056,1595240
1748514916,1219696,1595240
1748514917,1220336,1595240
1748514918,1220464,1595240
1748514919,1220464,1595240
1748514920,1220464,1595240
1748514921,1220464,1595240
1748514922,1220464,1595240
1748514923,1220464,1595240
1748514924,1220464,1595240
1748514925,1220464,1595240
1748514926,1220464,1595240
1748514927,1220464,1595240
1748514928,1220464,1595240
1748514929,1220464,1595240
1748514931,1220464,1595240
1748514932,1220464,1595240
1748514933,1220464,1595240
1748514934,1220464,1595240
1748514935,1220464,1595240
1748514936,1220464,1595240
1748514937,1220464,1595240
1748514938,1220464,1595240
1748514939,1220464,1595240
1748514940,1220464,1595240
1748514941,1220464,1595240
1748514942,1220464,1595240
1748514943,1220464,1595240
1748514944,1220464,1595240
1748514945,1220464,1595240
1748514947,1220464,1595240
1748514948,1220464,1595240
1748514949,767996,1595240
1748514950,1218684,1595240
1748514951,1219964,1595240
1748514952,1220476,1595240
1748514953,1213992,1595240
1748514954,1217064,1595240
1748514955,1220136,1595240
1748514956,1220648,1595240
1748514957,1219260,1595240
1748514958,1220156,1595240
1748514959,1220668,1595240
1748514960,1220668,1595240
1748514962,1219624,1595240
1748514963,1220264,1595240
1748514964,1220776,1595240
1748514965,1220776,1595240
1748514966,1219312,1595240
1748514967,1219312,1595240
1748514968,1219312,1595240
1748514969,1219312,1595240
1748514970,1219312,1595240
1748514971,1219312,1595240
1748514972,1219312,1595240
1748514973,1219312,1595240
1748514974,1219312,1595240
1748514975,1219440,1595240
1748514976,1219440,1595240
1748514978,1219440,1595240
1748514979,1219440,1595240
1748514980,1219440,1595240
1748514981,1219440,1595240
1748514982,1219440,1595240
1748514983,1219440,1595240
1748514984,1219440,1595240
1748514985,1219440,1595240
1748514986,1219440,1595240
1748514987,1219440,1595240
1748514988,1219440,1595240
1748514989,1219440,1595240
1748514990,1219440,1595240
1748514991,1219440,1595240
1748514992,1219440,1595240
1748514994,1219440,1595240
1748514995,1219440,1595240
1748514996,1219440,1595240
1748514997,1219440,1595240
1748514998,1219568,1595240
1748514999,1219568,1595240
1748515000,1219696,1595240
1748515001,1219696,1595240
1748515002,1219696,1595240
1748515003,1219696,1595240
1748515004,1219696,1595240
1748515005,1219696,1595240
1748515006,1219696,1595240
1748515007,1219696,1595240
1748515008,1219696,1595240
1748515010,1219696,1595240
1748515011,1219696,1595240
1748515012,1219696,1595240
1748515013,1219696,1595240
1748515014,1219696,1595240
1748515015,1219824,1595240
1748515016,1219824,1595240
1748515017,1219824,1595240
1748515018,1219824,1595240
1748515019,1219824,1595240
1748515020,1219824,1595240
1748515021,1219824,1595240
1748515022,1219696,1595240
1748515023,1219696,1595240
1748515024,1219696,1595240
1748515025,1219824,1595240
1748515027,1218544,1595240
1748515028,1217392,1595240
1748515029,1217392,1595240
1748515030,1217520,1595240
1748515031,1217520,1595240
1748515032,1217520,1595240
1748515033,1217520,1595240
1748515034,1217520,1595240
1748515035,1217520,1595240
1748515036,1217520,1595240
1748515037,1217520,1595240
1748515038,1217520,1595240
1748515039,1217520,1595240
1748515040,1217520,1595240
1748515041,1217648,1595240
1748515043,1217648,1595240
1748515044,1217648,1595240
1748515045,1217648,1595240
1748515046,1217648,1595240
1748515047,1217648,1595240
1748515048,1217648,1595240
1748515049,1217648,1595240
1748515050,1217648,1595240
1748515051,1217648,1595240
1748515052,1217648,1595240
1748515053,1217648,1595240
1748515054,1217648,1595240
1748515055,1217776,1595240
1748515056,1217776,1595240
1748515057,1217776,1595240
1748515059,1217776,1595240
1748515060,1217776,1595240
1748515061,1217776,1595240
1748515062,1205872,1595240
1748515063,1205872,1595240
1748515064,1205872,1595240
1748515065,1205872,1595240
1748515066,1205872,1595240
1748515067,1205872,1595240
1748515068,1205872,1595240
1748515069,1205872,1595240
1748515070,1205872,1595240
1748515071,1205872,1595240
1748515072,1205872,1595240
1748515073,1206000,1595240
1748515075,1206000,1595240
1748515076,1206000,1595240
1748515077,1206000,1595240
1748515078,1206000,1595240
1748515079,1206000,1595240
1748515080,1206000,1595240
1748515081,1206000,1595240
1748515082,1206000,1595240
1748515083,1206000,1595240
1748515084,1206128,1595240
1748515085,1206128,1595240
1748515086,1206128,1595240
1748515087,1206128,1595240
1748515088,1206128,1595240
1748515089,1206128,1595240
1748515091,1206128,1595240
1748515092,1206128,1595240
1748515093,1206128,1595240
1748515094,1206128,1595240
1748515095,1206128,1595240
1748515096,1206128,1595240
1748515097,1206128,1595240
1748515098,1206128,1595240
1748515099,1206128,1595240
1748515100,1206128,1595240
1748515101,1206128,1595240
1748515102,1206128,1595240
1748515103,1206128,1595240
1748515104,1206128,1595240
1748515105,1206128,1595240
1748515107,1206128,1595240
1748515108,1206128,1595240
1748515109,1206128,1595240
1748515110,1206128,1595240
1748515111,1206128,1595240
1748515112,1206128,1595240
1748515113,1206128,1595240
1748515114,1206128,1595240
1748515115,1206128,1595240
1748515116,1206128,1595240
1748515117,1206128,1595240
1748515118,1206128,1595240
1748515119,1206128,1595240
1748515120,1206128,1595240
1748515121,1206128,1595240
1748515123,1206128,1595240
1748515124,1206128,1595240
1748515125,1206128,1595240
1748515126,1206128,1595240
1748515127,1206128,1595240
1748515128,1206128,1595240
1748515129,1206128,1595240
1748515130,1206128,1595240
1748515131,1206128,1595240
1748515132,1206128,1595240
1748515133,1206128,1595240
1748515134,1206128,1595240
1748515135,1206128,1595240
1748515136,1206128,1595240
1748515137,1206128,1595240
1748515139,1206128,1595240
1748515140,1206128,1595240
1748515141,1206128,1595240
1748515142,1206128,1595240
1748515143,1206128,1595240
1748515144,1206128,1595240
1748515145,1206128,1595240
1748515146,1206128,1595240
1748515147,1206128,1595240
1748515148,1206128,1595240
1748515149,1206128,1595240
1748515150,1206128,1595240
1748515151,1206128,1595240
1748515152,1206128,1595240
1748515153,1206128,1595240
1748515155,1206128,1595240
1748515156,1205872,1595240
1748515157,1205872,1595240
1748515158,1205872,1595240
1748515159,1205872,1595240
1748515160,1205872,1595240
1748515161,1205872,1595240
1748515162,1205872,1595240
1748515163,1205872,1595240
1748515164,1205872,1595240
1748515165,1205872,1595240
1748515166,1205872,1595240
1748515167,1205872,1595240
1748515168,1205872,1595240
1748515169,1205872,1595240
1748515171,1205872,1595240
1748515172,1205872,1595240
1748515173,1205872,1595240
1748515174,1205872,1595240
1748515175,1204296,1595240
1748515176,1204296,1595240
1748515177,1204296,1595240
1748515178,1204296,1595240
1748515179,1204296,1595240
1748515180,1204296,1595240
1748515181,1203400,1595240
1748515182,1203400,1595240
1748515183,1203400,1595240
1748515184,1203400,1595240
1748515185,1203400,1595240
1748515186,1203528,1595240
1748515188,1203528,1595240
1748515189,1203528,1595240
1748515190,1203528,1595240
1748515191,1203528,1595240
1748515192,1203528,1595240
1748515193,1203528,1595240
1748515194,1203528,1595240
1748515195,1203528,1595240
1748515196,1203528,1595240
1748515197,1203528,1595240
1748515198,1203528,1595240
1748515199,1203528,1595240
1748515200,1203656,1595240
1748515201,1203656,1595240
1748515202,1203656,1595240
1748515204,1203656,1595240
1748515205,1203656,1595240
1748515206,1203656,1595240
1748515207,1203656,1595240
1748515208,1203656,1595240
1748515209,1203656,1595240
1748515210,1203656,1595240
1748515211,1203656,1595240
1748515212,1203656,1595240
1748515213,1203656,1595240
1748515214,1203656,1595240
1748515215,1203656,1595240
1748515216,1203656,1595240
1748515217,1203656,1595240
1748515218,1203656,1595240
1748515220,1203656,1595240
1748515221,1203784,1595240
1748515222,1203784,1595240
1748515223,1203784,1595240
1748515224,1203784,1595240
1748515225,1203784,1595240
1748515226,1203784,1595240
1748515227,1203912,1595240
1748515228,1204040,1595240
1748515229,1204040,1595240
1748515230,1204040,1595240
1748515231,1204040,1595240
1748515232,1204040,1595240
1748515233,1204040,1595240
1748515234,1204040,1595240
1748515236,1204040,1595240
1748515237,1204040,1595240
1748515238,1204040,1595240
1748515239,1204040,1595240
1748515240,1204040,1595240
1748515241,1204040,1595240
1748515242,1204040,1595240
1748515243,1204040,1595240
1748515244,1204040,1595240
1748515245,1204040,1595240
1748515246,1204040,1595240
1748515247,1204040,1595240
1748515248,1204040,1595240
1748515249,1204040,1595240
1748515250,1204040,1595240
1748515252,1204040,1595240
1748515253,1204040,1595240
1748515254,1204040,1595240
1748515255,1204040,1595240
1748515256,1204040,1595240
1748515257,1204168,1595240
1748515258,1204168,1595240
1748515259,1204168,1595240
1748515260,1204168,1595240
1748515261,1204168,1595240
1748515262,1204168,1595240
1748515263,1204296,1595240
1748515264,1204296,1595240
1748515265,1204296,1595240
1748515266,1204296,1595240
1748515268,1204296,1595240
1748515269,1204296,1595240
1748515270,1204296,1595240
1748515271,1204296,1595240
1748515272,1204296,1595240
1748515273,1204296,1595240
1748515274,1204296,1595240
1748515275,1204296,1595240
1748515276,1204296,1595240
1748515277,1204296,1595240
1748515278,1204296,1595240
1748515279,1204296,1595240
1748515280,1204296,1595240
1748515281,1204296,1595240
1748515282,1204296,1595240
1748515284,1204296,1595240
1748515285,1204296,1595240
1748515286,1204296,1595240
1748515287,1204296,1595240
1748515288,1204296,1595240
1748515289,1204296,1595240
1748515290,1204296,1595240
1748515291,1204296,1595240
1748515292,1204296,1595240
1748515293,1204296,1595240
1748515294,1204296,1595240
1748515295,1204296,1595240
1748515296,1204296,1595240
1748515297,1204296,1595240
1748515298,1204296,1595240
1748515300,1204296,1595240
1748515301,1204296,1595240
1748515302,1204296,1595240
1748515303,1204296,1595240
1748515304,1204424,1595240
1748515305,1204424,1595240
1748515306,1204424,1595240
1748515307,1204424,1595240
1748515308,1204424,1595240
1748515309,1204424,1595240
1748515310,1204424,1595240
1748515311,1204552,1595240
1748515312,1204552,1595240
1748515313,1204552,1595240
1748515314,1204680,1595240
1748515316,1204680,1595240
1748515317,1204680,1595240
1748515318,1204680,1595240
1748515319,1204808,1595240
1748515320,1204808,1595240
1748515321,1204808,1595240
1748515322,1204936,1595240
1748515323,1204936,1595240
1748515324,1204936,1595240
1748515325,1204936,1595240
1748515326,1204936,1595240
1748515327,1204936,1595240
1748515328,1204936,1595240
1748515329,1204936,1595240
1748515330,1204936,1595240
1748515332,1204936,1595240
1748515333,1204936,1595240
1748515334,1204936,1595240
1748515335,1204936,1595240
1748515336,1204936,1595240
1748515337,1204936,1595240
1748515338,1204936,1595240
1748515339,1204936,1595240
1748515340,1204936,1595240
1748515341,1204936,1595240
1748515342,1204936,1595240
1748515343,1204936,1595240
1748515344,1204936,1595240
1748515345,1204936,1595240
1748515346,1204936,1595240
1748515348,1204936,1595240
1748515349,1204936,1595240
1748515350,1204936,1595240
1748515351,1204936,1595240
1748515352,1204936,1595240
1748515353,1204936,1595240
1748515354,1204936,1595240
1748515355,1204936,1595240
1748515356,1204936,1595240
1748515357,1204936,1595240
1748515358,1204936,1595240
1748515359,1204936,1595240
1748515360,1204936,1595240
1748515361,1204936,1595240
1748515362,1204936,1595240
1748515364,1204936,1595240
1748515365,1204936,1595240
1748515366,1204936,1595240
1748515367,1204936,1595240
1748515368,1204936,1595240
1748515369,1204936,1595240
1748515370,1204936,1595240
1748515371,1204936,1595240
1748515372,1204936,1595240
1748515373,1204936,1595240
1748515374,1204936,1595240
1748515375,1204936,1595240
1748515376,1204936,1595240
1748515377,1204936,1595240
1748515378,1204936,1595240
1748515379,1204936,1595240
1748515381,1204936,1595240
1748515382,1204936,1595240
1748515383,1204936,1595240
1748515384,1204936,1595240
1748515385,1204936,1595240
1748515386,1204936,1595240
1748515387,1204936,1595240
1748515388,1204936,1595240
1748515389,1204936,1595240
1748515390,1204936,1595240
1748515391,1204936,1595240
1748515392,1204936,1595240
1748515393,1204936,1595240
1748515394,1204936,1595240
1748515395,1204936,1595240
1748515397,1204936,1595240
1748515398,1204936,1595240
1748515399,1204936,1595240
1748515400,1204936,1595240
1748515401,1204936,1595240
1748515402,1204936,1595240
1748515403,1204936,1595240
1748515404,1204936,1595240
1748515405,1204936,1595240
1748515406,1204936,1595240
1748515407,1204936,1595240
1748515408,1204936,1595240
1748515409,1204936,1595240
1748515410,1204936,1595240
1748515411,1204936,1595240
1748515413,1204936,1595240
1748515414,1203332,1595240
1748515415,1203332,1596264
1748515416,1203332,1596264
1748515417,1203332,1596264
1748515418,1203332,1596264
1748515419,1203332,1596264
1748515420,1203332,1596264
1748515421,1203332,1596264
1748515422,1203332,1596264
1748515423,1203332,1596264
1748515424,1203332,1596264
1748515425,1203332,1596264
1748515426,1203332,1596264
1748515428,1203332,1596264
1748515429,1203332,1596264
1748515430,1203332,1596264
1748515431,1203332,1596264
1748515432,1203460,1596264
1748515433,1203460,1596264
1748515434,1203460,1596264
1748515435,1203460,1596264
1748515436,1203460,1596264
1748515437,1203460,1596264
1748515438,1203460,1596264
1748515439,1203716,1596264
1748515440,1203844,1596264
1748515441,1203844,1596264
1748515442,1203844,1596264
1748515444,1203972,1596264
1748515445,1203972,1596264
1748515446,1203972,1596264
1748515447,1203972,1596264
1748515448,1203972,1596264
1748515449,1203972,1596264
1748515450,1203972,1596264
1748515451,1203972,1596264
1748515452,1203972,1596264
1748515453,1203972,1596264
1748515454,1203972,1596264
1748515455,1203972,1596264
1748515456,1203972,1596264
1748515457,1203972,1596264
1748515459,1203972,1596264
1748515460,1203972,1596264
1748515461,1203972,1596264
1748515462,1203972,1596264
1748515463,1203972,1596264
1748515464,1204100,1596264
1748515465,1204100,1596264
1748515466,1204100,1596264
1748515467,1204100,1596264
1748515468,1204100,1596264
1748515469,1204100,1596264
1748515470,1204100,1596264
1748515471,1204100,1596264
1748515472,1204100,1596264
1748515473,1204100,1596264
1748515475,1204100,1596264
1748515476,1204100,1596264
1748515477,1204100,1596264
1748515478,1204100,1596264
1748515479,1204100,1596264
1748515480,1204100,1596264
1748515481,1204100,1596264
1748515482,1204100,1596264
1748515483,1204100,1596264
1748515484,1204100,1596264
